{
    "timestamp": "2024-11-02T16:44:21.310785",
    "system_info": {
        "os": "Windows",
        "python_version": "3.11.9",
        "cpu_usage": 24.8,
        "memory_usage": 69.8,
        "hostname": "DESKTOP-2FJ3JUK",
        "ip": "192.168.59.1"
    },
    "api_info": {
        "status": "[green]Online[/]",
        "config": {
            "host": "localhost",
            "port": 8000,
            "base_url": "http://localhost:8000",
            "endpoint": "/vectors/"
        }
    },
    "vector_info": {
        "id": 2469,
        "dimension": 384,
        "bert_stats": {
            "\ud83d\udd24 Total Tokens": 5839,
            "\ud83d\udcdd Tokens \u00danicos": 422,
            "\ud83d\udcca Densidade Token": 0.07227264942627162,
            "\ud83d\udd0d Aten\u00e7\u00e3o M\u00e9dia": -0.014208816923201084,
            "\ud83d\udcc8 Aten\u00e7\u00e3o M\u00e1xima": 2.47558331489563,
            "\ud83d\udcc9 Aten\u00e7\u00e3o M\u00ednima": -3.360623598098755,
            "\ud83c\udfaf Aten\u00e7\u00e3o Std": 0.6763466596603394,
            "\ud83d\udd04 Entropia Aten\u00e7\u00e3o": NaN,
            "\ud83d\udcca Dimens\u00e3o Hidden": 768,
            "\ud83d\udd22 Camadas BERT": 12
        },
        "performance": {
            "\ud83d\udda5\ufe0f CPU Usage": "22.9%",
            "\ud83d\udcbe Memory Usage": "71.6%",
            "\ud83d\udd04 Swap Usage": "N/A",
            "\ud83d\udcbd Disk Usage": "99.9%",
            "\ud83c\udf21\ufe0f CPU Temp": "N/A",
            "\u26a1 Power Supply": "AC",
            "\ud83d\udd0c Network IO": "7320.96MB sent / 99281.90MB recv",
            "\u23f1\ufe0f Boot Time": "2024-10-26 21:47:20",
            "\ud83d\udc65 Users": 1,
            "\ud83d\udd04 Processes": 248
        }
    }
}