{
    "adicionar_nomes_mitologicos.py": "2d90e2078a60dfdabd1d16311089d2c3deda93e8855f1b56a289f4e84dd7a9c4",
    "adicionar_nomes_mitologicos_v2.py": "539b57f4a38c5459ed2b935811a733e83985d050250428c2b868bb463bbd9d00",
    "database-structure-export-v1.py": "2d5abcb9a699f5bdf299e93413cc5cfc4018dc0cab071e2b5408a6bd2905b907",
    "db.manager.token_database_controller_HERMES.py": "624d17fdce5af37398c4a63e358c595834703c342a711e09ed04a6c3e4183140",
    "extract_vectors.py": "98165ec5d12a0329fe8e7928f02a8cdc7f069aab2cb9a13743a5cbca13e383e6",
    "generator.docs.ai_documentation_engine_MINERVA.py": "3955f449bb4bb27bab4112781f961b6c6a71c697783f35d73d6bccb1f321ea16",
    "generator.docs.project_documentation_builder_CLIO.py": "5c57003d321d94e22e88a76143244c106a4a4fb3fd8ff6fe0fc14256cb474aee",
    "gerador_vetorizador_continuo_PROMETHEUS-work--revision-0001.py": "122cfcb49875769bbda7a5cb8985dea54bbfc81db13d9b6847a6a36591f4870f",
    "limparootv1.py": "43c63106f29ca1d92a3bdfc529096f601d5488f0e150d974ce0e1c34b967b9db",
    "processor.db.incremental_vector_parser_THESEUS.py": "159d2a7ccffdbf376b4cd19ec71f3563978330495feaf0853b8948ca6861e034",
    "processor.vector.continuous_embedding_engine_PROMETHEUS.py": "122cfcb49875769bbda7a5cb8985dea54bbfc81db13d9b6847a6a36591f4870f",
    "processor.vector.yaml_vectorization_engine_DAEDALUS-work--revision-0001.py": "860dee75f37a0e4cffdd0a8f5ce96d6bee373d236b5ecc74b68509306dde5c0f",
    "processor.vector.yaml_vectorization_engine_DAEDALUS.py": "f67961c7b8823e68b06b065aedf9960624810e783cd4499e2f2a83a0f893ebbb",
    "processor.yaml.context_stream_engine_ATHENA.py": "c0b21c0b59cdc947754feb2640254d47d172cbd3f596501174309be3ca176a6b",
    "processor.yaml.dictionary_text_generator_CALLIOPE.py": "1bcfcbc11fc224847f23812ff8371797186d8b365b3f52112a7047a39548a074",
    "processor.yaml.embedding_core_system_APOLLO.py": "5f45f13b9fc036e8580b6061a9f00b0a4acd147df98531cc9ae6029fa6507585",
    "processor.yaml.prompt_embedding_generator_ORPHEUS.py": "0727fb92fb8f26da0ec54305fea79463a4d1b7f6117234e0f9d8aa9791cd27ff",
    "processor.yaml.wordlist_stream_processor_ISIS.py": "8b11777372e0b719f8f65202d2fe20e0761eeb09d63a6006d142f97e7dc5cfd4",
    "renomeador_nomenclatura_tecnica_profissional.py": "d98b88ac5ff71d1a917ed340e994786373ba5ec2f2ba2205e688f0c7b02d2f17",
    "renomeador_nomenclatura_tecnica_profissional_v2.py": "4c7cb7cbf78eb5571ffe0c3ef9cca6447914f20ed9f84bbbde10927f289aa626",
    "tool.analyzer.token_counter_interface_THOTH.py": "772bf0c5ab5466a3efa4973240d2f7f00ec0a535a65ff056be0560be840207ae",
    "tool.automation.file_organization_manager_ATLAS.py": "5cb31b81c0706dfae560c8434e3092459494acf6c405c6af831aa3fa95b58534",
    "tool.backup.project_version_controller_JANUS.py": "5579bf7226899aa7788d9365957c5454b99e43dc10d226932e3e013cc378a932",
    "tool.backup.restoration_controller_CHRONOS.py": "715b88820cef9e7f9ac81ac95324eade159e74f60831fc6ee5fd50bae24dd8b7",
    "tool.backup.version_recovery_system_MNEMOSYNE.py": "16918753fe81138fc69e5a96120bef397d2d1f2e5fcc5cd9e055d65275d46cd9",
    "tool.tester.vector_database_validator_HEPHAESTUS.py": "53fbf027e5b2554d8ea5a590a0aff25b43b505308a6e9e20ec0239523e066d27",
    "util.cleaner.advanced_duplicate_remover_PERSEUS.py": "53596226a94e00799497a6faa434cdc6abbc4699b9541b6b539fc3f9e86c447b",
    "util.cleaner.duplicate_file_handler_HERCULES.py": "92d7782cf7d0b5769cd59b65d3371777dbfad7d7a4c9cc536426a23fb52071a9",
    "util.compression.yaml_archiver_VULCAN.py": "d71abaca9a7c51a7c2c19cd3d7329b33c7a85de0d2abb25486bc8a61572ce4a6",
    "versionador.py": "8635d5e13d4b1c09631102fa9adda582c49b6a3c0c23123f261fd96741ca7112",
    "analytics.visualization.vector_metrics_ATLAS.py": "2aa178118e06d87ebdeab216c7b70674ce97ea52d918b5125abcd924c2354ec5",
    "api.vector.continuous_service_HERMES.py": "8df97df1fded6dd6aa622585e96ca39f19e3a27334267e61700bf9571b127741",
    "tool.tester.api_vector_validator_APOLLO.py": "be91134d5fdd60278b23aae011461cd808da23bacba2e33e99039175d36f04aa",
    "tool.tester.api_vector_validator_APOLLO_v2.py": "b8aefd68058d317625e37f2d845ff5d9666be67eb7194286e4a4f931fb3ea797"
}