{
    "timestamp": "2024-11-02T16:45:21.044541",
    "system_info": {
        "os": "Windows",
        "python_version": "3.11.9",
        "cpu_usage": 25.1,
        "memory_usage": 71.4,
        "hostname": "DESKTOP-2FJ3JUK",
        "ip": "192.168.59.1"
    },
    "api_info": {
        "status": "[green]Online[/]",
        "config": {
            "host": "localhost",
            "port": 8000,
            "base_url": "http://localhost:8000",
            "endpoint": "/vectors/"
        }
    },
    "vector_info": {
        "id": 3334,
        "dimension": 384,
        "bert_stats": {
            "\ud83d\udd24 Total Tokens": 5861,
            "\ud83d\udcdd Tokens \u00danicos": 426,
            "\ud83d\udcca Densidade Token": 0.07268384234772224,
            "\ud83d\udd0d Aten\u00e7\u00e3o M\u00e9dia": -0.01106271706521511,
            "\ud83d\udcc8 Aten\u00e7\u00e3o M\u00e1xima": 2.8007588386535645,
            "\ud83d\udcc9 Aten\u00e7\u00e3o M\u00ednima": -3.097001552581787,
            "\ud83c\udfaf Aten\u00e7\u00e3o Std": 0.6646100282669067,
            "\ud83d\udd04 Entropia Aten\u00e7\u00e3o": NaN,
            "\ud83d\udcca Dimens\u00e3o Hidden": 768,
            "\ud83d\udd22 Camadas BERT": 12
        },
        "performance": {
            "\ud83d\udda5\ufe0f CPU Usage": "26.0%",
            "\ud83d\udcbe Memory Usage": "71.7%",
            "\ud83d\udd04 Swap Usage": "N/A",
            "\ud83d\udcbd Disk Usage": "99.9%",
            "\ud83c\udf21\ufe0f CPU Temp": "N/A",
            "\u26a1 Power Supply": "AC",
            "\ud83d\udd0c Network IO": "7320.99MB sent / 99281.94MB recv",
            "\u23f1\ufe0f Boot Time": "2024-10-26 21:47:20",
            "\ud83d\udc65 Users": 1,
            "\ud83d\udd04 Processes": 248
        }
    }
}